{"cameraMode":{"drawMode":0,"name":"Shaded","section":"Shading Mode"},"sceneLighting":true,"audioPlay":false,"sceneViewState":{"m_AlwaysRefresh":false,"showFog":true,"showSkybox":true,"showFlares":true,"showImageEffects":true,"showParticleSystems":true,"showVisualEffectGraphs":true,"m_FxEnabled":true},"in2DMode":false,"pivot":{"x":5.755588054656982,"y":10.534223556518555,"z":-0.9812568426132202},"rotation":{"x":0.11231745779514313,"y":-0.7143206596374512,"z":0.1178286075592041,"w":0.6807832717895508},"size":0.7635602951049805,"orthographic":false}