{"cameraMode":{"drawMode":0,"name":"Shaded","section":"Shading Mode"},"sceneLighting":true,"audioPlay":false,"sceneViewState":{"m_AlwaysRefresh":false,"showFog":true,"showSkybox":true,"showFlares":true,"showImageEffects":true,"showParticleSystems":true,"showVisualEffectGraphs":true,"m_FxEnabled":true},"in2DMode":false,"pivot":{"x":8.311052322387696,"y":0.5753651261329651,"z":-3.5471978187561037},"rotation":{"x":0.1462918519973755,"y":0.6088704466819763,"z":-0.11552054435014725,"w":0.7710612416267395},"size":0.9484807848930359,"orthographic":false}