{"cameraMode":{"drawMode":0,"name":"Shaded","section":"Shading Mode"},"sceneLighting":true,"audioPlay":false,"sceneViewState":{"m_AlwaysRefresh":false,"showFog":true,"showSkybox":true,"showFlares":true,"showImageEffects":true,"showParticleSystems":true,"showVisualEffectGraphs":true,"m_FxEnabled":true},"in2DMode":false,"pivot":{"x":7.285999774932861,"y":0.44843819737434389,"z":-2.8000001907348635},"rotation":{"x":-0.17346589267253877,"y":-0.49104341864585879,"z":0.10066704452037811,"w":-0.8478972315788269},"size":0.770940899848938,"orthographic":false}