{"cameraMode":{"drawMode":0,"name":"Shaded","section":"Shading Mode"},"sceneLighting":false,"audioPlay":false,"sceneViewState":{"m_AlwaysRefresh":false,"showFog":true,"showSkybox":false,"showFlares":true,"showImageEffects":true,"showParticleSystems":true,"showVisualEffectGraphs":true,"m_FxEnabled":true},"in2DMode":false,"pivot":{"x":0.5648365020751953,"y":-0.6424990892410278,"z":-0.5717536211013794},"rotation":{"x":-0.13833309710025788,"y":-0.8502917289733887,"z":0.2759503126144409,"w":-0.42627495527267458},"size":1.4276058673858643,"orthographic":false}